12 |||  ||| 0.12 ||| The therapy of 75 mg clopidogrel plus aspirin resulted in a worrisome tread in bleeding events.,therapy 75 clopidogrel aspirin worrisome tread bleeding events,C0039798|C0450371|C0070166|C0004057|G0000000|G0000000|C0019080|C0441471
"63 ||| Statistical analysis ||| 6.8 ||| Among these patients, 66 received clopidogrel 50 mg plus aspirin, another 66 participants were treated using clopidogrel 75 mg plus aspirin, and the remaining 68 patients were treated using aspirin alone.",patients 66 received clopidogrel 50 aspirin 66 participants treated clopidogrel 75 aspirin remaining 68 patients treated aspirin,C0030705|C0450371|C1514756|C0070166|C0450371|C0004057|C0450371|C0679646|C1522326|C0070166|C0450371|C0004057|C1527428|C0450371|C0030705|C1522326|C0004057
"66 ||| Statistical analysis ||| 6.11 ||| In all 200 patients, the median age was 62 years, and 79 (39.5%) patients were female.",200 patients median age 62 79 39 5% patients female,C1442061|C0030705|C0549183|C0001779|C0450371|C0450371|C0450371|G0000000|C0030705|C0015780
121 ||| Discussion ||| 7.34 ||| Aspirin inhibits the aggregation of platelets through the cyclooxygenase pathway.,aspirin inhibits aggregation platelets cyclooxygenase pathway,C0004057|C0018790|C0332621|C0005821|C0033551|C1704259
"112 ||| Discussion ||| 7.25 ||| In the future work, we will compare the effects of front-loading method and our protocol in larger multicenters with larger sample size to verify which method is more available in preventing stroke in patients with TIA or stroke combine with intracranial and extracranial arteriostenosis.",future compare effects front-loading method protocol larger multicenters larger sample size verify method preventing stroke patients tia stroke combine intracranial extracranial arteriostenosis,C0016884|C1707455|C1280500|C0205094|C0025663|C0442711|C0549177|G0000000|C0549177|C0370003|C0456389|C1711411|C0025663|C0309872|C0038454|C0030705|C0007787|C0038454|C0336789|C0524466|C0580586|G0000000
47 ||| Participants ||| 4.25 ||| Endpoints,endpoints,C2349179
"23 ||| Participants ||| 4.1 ||| [18] Because of these inconsistent data, we proposed to resolve this uncertainty.",18 inconsistent data proposed resolve uncertainty,C0450371|C0442809|C1511726|C1553874|C2699488|C0087130
"59 ||| Statistical analysis ||| 6.4 ||| The treatment effects were compared with analysis of variance, and 95% confidence intervals (CIs).",treatment effects compared analysis variance 95% confidence intervals cis,C0039798|C1280500|C1707455|C0002778|C1711260|C0450371|C0237529|C1272706|C1504308
"130 ||| Discussion ||| 7.43 ||| Despite these drawbacks, to a certain degree, our results provided some preliminary evidence to prefer the combination regimen of clopidogrel sulfate plus aspirin over aspirin alone as stroke prevention in patients.",drawbacks degree provided preliminary evidence prefer combination regimen clopidogrel sulfate aspirin aspirin stroke prevention patients,G0000000|C0441889|C1999230|C0439611|C3887511|G0000000|C0205195|C0040808|C0070166|C0038720|C0004057|C0004057|C0038454|C0199176|C0030705
"8 |||  ||| 0.8 ||| There were more hemorrhagic events among recipients (3 patients [2.3%]) in the copidogrel plus aspirin group than aspirin recipients (0 patient [0%]), including 1 subcutaneous hemorrhage in the group of 50 mg clopidogrel and aspirin, doubling the number of nasal and gum bleeding in the group of 75 mg clopidogrel and aspirin (P > 0.05).",hemorrhagic events recipients 3 patients 2 3% copidogrel aspirin aspirin recipients 0 patient 0% including 1 subcutaneous hemorrhage 50 clopidogrel aspirin doubling nasal gum bleeding 75 clopidogrel aspirin 0 05,C0333275|C0441471|C1709854|G0000000|C0030705|G0000000|G0000000|G0000000|C0004057|C0004057|C1709854|G0000000|C0030705|G0000000|C0332257|G0000000|C0443315|C0019080|C0450371|C0070166|C0004057|C0205173|C0028429|C0017562|C0019080|C0450371|C0070166|C0004057|G0000000|C0450371
"48 ||| Participants ||| 4.26 ||| The main study endpoints were recurrence of ischemic stroke, death from any causes, and death from cardiovascular causes Zuo et al.",main study endpoints recurrence ischemic stroke death death cardiovascular zuo al,C0205225|C0557651|C2349179|C0034897|C0475224|C0038454|C0011065|C0011065|C0007226|G0000000|C0202311
74 ||| Statistical analysis ||| 6.19 ||| Medications taken by the patients were exhibited in Table 2.,medications patients exhibited table 2,C0013227|C0030705|C0015272|C0039224|G0000000
33 ||| Participants ||| 4.11 ||| Procedures,procedures,C0025664
"53 ||| Participants ||| 4.31 ||| Moreover, nasal and gum bleeding were also examined.",nasal gum bleeding examined,C0028429|C0017562|C0019080|C0332128
"104 ||| Discussion ||| 7.17 ||| However, the combination of aspirin and clopidogrel has not yet proven effective and safe in the secondary prevention of stroke and TIA.",combination aspirin clopidogrel proven effective safe secondary prevention stroke tia,C0205195|C0004057|C0070166|C0456369|C1280519|G0000000|C0027627|C0199176|C0038454|C0007787
51 ||| Participants ||| 4.29 ||| All patients with the main study endpoints undertook brain CT scan to exclude intracranial hemorrhage.,patients main study endpoints undertook brain ct scan exclude intracranial hemorrhage,C0030705|C0205225|C0557651|C2349179|G0000000|C0006104|C0007673|C0034606|C0332196|C0524466|C0019080
81 ||| Statistical analysis ||| 6.26 ||| Efficacy endpoints,efficacy endpoints,C1280519|C2349179
"107 ||| Discussion ||| 7.20 ||| Despite this, a worrisome trend was noted that clopidogrel, especially 75 mg clopidogrel, was related with an increased rate of bleeding events.",worrisome trend clopidogrel 75 clopidogrel increased rate bleeding events,G0000000|C1521798|C0070166|C0450371|C0070166|C0205217|C0871208|C0019080|C0441471
9 |||  ||| 0.9 ||| No intracranial hemorrhage and gastro-intestinal hemorrhage occurred in these 3 groups.,intracranial hemorrhage gastro-intestinal hemorrhage occurred 3,C0524466|C0019080|C0521362|C0019080|C1709305|G0000000
41 ||| Participants ||| 4.19 ||| Cases in clopidogrel (75 mg) plus aspirin (100 mg) group received clopidogrel at a dose of 75 mg/d and aspirin at a dose of 100 mg/d on day 1 through 90 days.,clopidogrel 75 aspirin 100 received clopidogrel dose 75 mg/d aspirin dose 100 mg/d day 1 90 days,C0070166|C0450371|C0004057|C1442061|C1514756|C0070166|C0178602|C0450371|C0439422|C0004057|C0178602|C1442061|C0439422|C0332173|G0000000|C0450371|C0439228
"109 ||| Discussion ||| 7.22 ||| Another study has also indicated that loading with 300 mg clopidogrel added to 75 mg aspirin, followed by 75 mg clopidogrel and aspirin once daily to 90 days, reduces the incidence of recurrent stroke, without any severe bleeding.",study loading 300 clopidogrel 75 aspirin 75 clopidogrel aspirin daily 90 days reduces incidence recurrent stroke severe bleeding,C0557651|C1708715|C1442061|C0070166|C0450371|C0004057|C0450371|C0070166|C0004057|C0332173|C0450371|C0439228|G0000000|C0021149|C2945760|C0038454|C0205082|C0019080
"16 ||| Introduction ||| 1.3 ||| Significantly, stenosis of cerebral vessels is a common cause of stroke in the world, and is related with a high risk of recurrent stroke.",stenosis cerebral vessels common stroke risk recurrent stroke,C0678234|G0000000|C0005847|C0205214|C0038454|C0035647|C2945760|C0038454
"35 ||| Participants ||| 4.13 ||| In addition, we compare the efficacy of secondary stroke prevention between 50 and 75 mg clopidogrel.",addition compare efficacy secondary stroke prevention 50 75 clopidogrel,C0332287|C1707455|C1280519|C0027627|C0038454|C0199176|C0450371|C0450371|C0070166
"90 ||| Discussion ||| 7.3 ||| Significantly, Asano et al [22] have indicated that lower maintenance dose of clopidogrel (50 mg) is appropriate for Japanese patients.",asano al 22 lower maintenance dose clopidogrel 50 japanese patients,G0000000|C0202311|C0450371|C0441994|C0024501|C0178602|C0070166|C0450371|C1556094|C0030705
75 ||| Statistical analysis ||| 6.20 ||| These figures depicted the maximal frequency of drug use at any time during the trial (evaluated at baseline and during the period of follow-up).,figures depicted maximal frequency drug time trial evaluated baseline period follow-up,G0000000|G0000000|C0205289|C0376249|C0013227|C0040223|C0008976|C0220825|C0168634|C0439531|C0589120
"108 ||| Discussion ||| 7.21 ||| Unfortunately, another study has also shown that the fatal bleeding risk is higher in the group of 75 mg clopidogrel plus 75 mg aspirin versus monotherapy.",study fatal bleeding risk 75 clopidogrel 75 aspirin versus monotherapy,C0557651|C1302234|C0019080|C0035647|C0450371|C0070166|C0450371|C0004057|G0000000|G0000000
"13 |||  ||| 0.13 ||| Abbreviations: ADP = adenosine diphosphate glucose pyrophospheralase, BA = basilar artery, CAPRIE = clopidogrel versus aspirin in patients at risk of ischaemic events, CI = cerebral infarction, CIs = confidence intervals, FASTER = fast assessment of stroke and transient ischaemic attack to prevent early recurrence, GUSTO = Global Utilization of Streptokinase and Tissue Plasminogen Activator for Occluded Coronary Arteries, ICA = internal carotid artery, ICVD = ischemic cerebrovascular disease, MCA = middle cerebral artery, PCA = posterior cerebral artery, SD = standard deviation, TIA = transient ischemic attack, VA = vertebral artery.",abbreviations adp = adenosine diphosphate glucose pyrophospheralase ba = basilar artery caprie = clopidogrel versus aspirin patients risk ischaemic events ci = cerebral infarction cis = confidence intervals faster = fast assessment stroke transient ischaemic attack prevent recurrence gusto = global utilization streptokinase tissue plasminogen activator occluded coronary arteries ica = internal carotid artery icvd = ischemic cerebrovascular disease mca = middle cerebral artery pca = posterior cerebral artery sd = standard deviation tia = transient ischemic attack va = vertebral artery,C0000723|C0523452|G0000000|C0001443|C0034320|C0017725|G0000000|C0004684|G0000000|C1184146|C0003842|G0000000|G0000000|C0070166|G0000000|C0004057|C0030705|C0035647|C0475224|C0441471|C0008107|G0000000|G0000000|C0021308|C1504308|G0000000|C0237529|C1272706|C0015663|G0000000|C0015663|C1261322|C0038454|C0040704|C0475224|C0277793|C0309872|C0034897|G0000000|G0000000|C0205246|C0042153|C0038418|C0040300|C0032140|G0000000|C0028778|C0018787|C0003842|C0201519|G0000000|C0205102|C0741968|C0003842|G0000000|G0000000|C0475224|C1880018|C0012634|C0149566|G0000000|C0444598|G0000000|C0003842|G0000000|G0000000|C0205095|G0000000|C0003842|C2699239|G0000000|C1442989|C0012727|C0007787|G0000000|C0040704|C0475224|C0277793|C1549054|G0000000|C0549207|C0003842
135 ||| Acknowledgment ||| 8.2 ||| Their ideas and help gave a valuable added dimension to our research.,ideas valuable dimension,C0459920|G0000000|C0439534
"28 ||| Participants ||| 4.6 ||| Exclusion criteria were as follows: large-area CI or hemorrhagic CI; cardiogenic brain embolism; current peptic ulceration or history of systemic bleeding; platelet number less than 10 5 / mm 3 or coagulopathy; systemic disease, for example, terminal malignancy or serious renal or liver disease; known contraindication to clopidogrel or aspirin; CI caused by rheumatoid disease or arterial inflammation; major surgery or trauma in the previous 3 months, or planning operation in the near future; gastrointestinal disorders or inability to obtain oral drugs; discontinuation of the study drug before testing.",exclusion criteria large-area ci hemorrhagic ci cardiogenic brain embolism current peptic ulceration history systemic bleeding platelet 10 5 / mm 3 coagulopathy systemic disease terminal malignancy renal liver disease contraindication clopidogrel aspirin ci caused rheumatoid disease arterial inflammation major surgery trauma previous 3 months planning operation future gastrointestinal disorders inability oral drugs discontinuation study drug testing,C0680251|C0243161|C0549177|C0008107|C0333275|C0008107|C1749797|C0006104|C0013922|C0521116|C0443277|C0041582|C0019664|C0205373|C0019080|C0005821|C0450371|G0000000|G0000000|G0000000|G0000000|C0005779|C0205373|C0012634|C0205088|C0006826|C0022646|C0023884|C0012634|C0522473|C0070166|C0004057|C0008107|C0015127|G0000000|C0012634|C0003842|C0021368|C0205082|C0038894|C0043251|C0205156|G0000000|C0439231|C0032074|C0543467|C0016884|C0521362|C0012634|G0000000|C0442027|C0013227|C0457454|C0557651|C0013227|C0039593
37 ||| Participants ||| 4.15 ||| Our study will shed light on the theoretical basis for the application of the combination of clopidogrel and aspirin in the secondary prevention of stroke in Chinese subjects with intracranial and extracranial arteriostenosis.,study light theoretical basis application combination clopidogrel aspirin secondary prevention stroke chinese subjects intracranial extracranial arteriostenosis,C0557651|C0023693|C0871935|C1527178|C0185125|C0205195|C0070166|C0004057|C0027627|C0199176|C0038454|C0008120|C0681850|C0524466|C0580586|G0000000
"86 ||| Statistical analysis ||| 6.31 ||| There was 1 case with subcutaneous hemorrhage in the group of 50 mg clopidogrel and aspirin, doubling the number of nasal and Table 3 Efficacy and safety endpoints.",1 subcutaneous hemorrhage 50 clopidogrel aspirin doubling nasal table 3 efficacy safety endpoints,G0000000|C0443315|C0019080|C0450371|C0070166|C0004057|C0205173|C0028429|C0039224|G0000000|C1280519|C0036043|C2349179
120 ||| Discussion ||| 7.33 ||| This might be explained by synergistic effects of 2 antiplatelet drugs due to different action mechanisms.,explained synergistic effects 2 antiplatelet drugs action mechanisms,G0000000|C2986495|C1280500|G0000000|G0000000|C0013227|C0441472|C0441712
"84 ||| Statistical analysis ||| 6.29 ||| However, no significant difference was observed in the risk of life-threatening bleedings.",difference observed risk life-threatening bleedings,C1705241|C1441672|C0035647|C1517874|C0019080
102 ||| Discussion ||| 7.15 ||| Clopidogrel plus aspirin synergistically increased antagonism of platelet aggregation.,clopidogrel aspirin synergistically increased antagonism platelet aggregation,C0070166|C0004057|G0000000|C0205217|C0680242|C0005821|C0332621
"129 ||| Discussion ||| 7.42 ||| Last but not the least, our study did not use the front-loading method to measure the effect of clopidogrel and aspirin in avoiding the bleeding events; thus, we will do this work in future.",study front-loading method measure clopidogrel aspirin avoiding bleeding events future,C0557651|C0205094|C0025663|C0079809|C0070166|C0004057|G0000000|C0019080|C0441471|C0016884
"25 ||| Participants ||| 4.3 ||| Remarkably, in China, the incidence of cerebral bleeding induced by antiplatelet drugs is high in the secondary prevention of stroke.",remarkably china incidence cerebral bleeding induced antiplatelet drugs secondary prevention stroke,G0000000|C0008115|C0021149|G0000000|C0019080|C0205263|G0000000|C0013227|C0027627|C0199176|C0038454
76 ||| Statistical analysis ||| 6.21 ||| All of the patients took aspirin and the study drug.,patients aspirin study drug,C0030705|C0004057|C0557651|C0013227
"72 ||| Statistical analysis ||| 6.17 ||| The most prevalent risk factors in these 3 groups were smoking (clopidogrel 50 mg plus aspirin: 50%; clopidogrel 75 mg plus aspirin: 54.5%; aspirin: 48.5%), hypertension (clopidogrel 50 mg plus aspirin: 68.2%; clopidogrel 75 mg plus aspirin: 60.6%; aspirin: 65.2%), and hypercholesterolemia (clopidogrel 50 mg plus aspirin: 65.2%; clopidogrel 75 mg plus aspirin: 62.1%; aspirin: 58.8%).",prevalent risk factors 3 smoking clopidogrel 50 aspirin 50% clopidogrel 75 aspirin 54 5% aspirin 48 5% hypertension clopidogrel 50 aspirin 68 2% clopidogrel 75 aspirin 60 6% aspirin 65 2% hypercholesterolemia clopidogrel 50 aspirin 65 2% clopidogrel 75 aspirin 62 1% aspirin 58 8%,C0033105|C0035647|C1521761|G0000000|C0037369|C0070166|C0450371|C0004057|C0450371|C0070166|C0450371|C0004057|C0450371|G0000000|C0004057|C0450371|G0000000|C0020538|C0070166|C0450371|C0004057|C0450371|G0000000|C0070166|C0450371|C0004057|C0450371|G0000000|C0004057|C0450371|G0000000|C0020443|C0070166|C0450371|C0004057|C0450371|G0000000|C0070166|C0450371|C0004057|C0450371|G0000000|C0004057|C0450371|G0000000
"83 ||| Statistical analysis ||| 6.28 ||| As shown in Table 3, hemorrhagic events occurred more frequently in the patients of clopidogrel and aspirin (3 patients [2.3%]) than in the recipients of aspirin alone (0 patient [0%]).",table 3 hemorrhagic events occurred frequently patients clopidogrel aspirin 3 patients 2 3% recipients aspirin 0 patient 0%,C0039224|G0000000|C0333275|C0441471|C1709305|C0332183|C0030705|C0070166|C0004057|G0000000|C0030705|G0000000|G0000000|C1709854|C0004057|G0000000|C0030705|G0000000
21 ||| Study design ||| 3.2 ||| The trial proposal was approved by the ethics committee of the hospital.,trial proposal approved ethics committee hospital,C0008976|C1555306|C0205540|C0015000|C2699414|C0019994
"17 ||| Introduction ||| 1.4 ||| Thus, new and effective therapy is needed to treat this high-risk disease to prevent recurrent stroke.",effective therapy treat high-risk disease prevent recurrent stroke,C1280519|C0039798|C0087111|C0332167|C0012634|C0309872|C2945760|C0038454
"29 ||| Participants ||| 4.7 ||| Significantly, the characteristics of age, sex, smoking history, and also other vascular risk factors including diabetes, hyperlipidemia, hypertension, TIA, coronary heart disease, or cerebral infarction were assessed at baseline.",characteristics age sex smoking history vascular risk factors including diabetes hyperlipidemia hypertension tia coronary heart disease cerebral infarction assessed baseline,C1521970|C0001779|C0009253|C0037369|C0019664|C0005847|C0035647|C1521761|C0332257|C0011847|C0020473|C0020538|C0007787|C0018787|C0018787|C0012634|G0000000|C0021308|C1516048|C0168634
"34 ||| Participants ||| 4.12 ||| Hence, we carried out the trial to verify the hypothesis that the combination of clopidogrel and aspirin may have a greater benefit in prevention of recurrent stroke in patients from China who had ICVD and intracranial and extracranial arteriostenosis.",carried trial verify hypothesis combination clopidogrel aspirin benefit prevention recurrent stroke patients china icvd intracranial extracranial arteriostenosis,C0206243|C0008976|C1711411|C1512571|C0205195|C0070166|C0004057|C0814225|C0199176|C2945760|C0038454|C0030705|C0008115|G0000000|C0524466|C0580586|G0000000
133 ||| Discussion ||| 7.46 ||| The dual therapy of 75 mg clopidogrel plus aspirin resulted in a worrisome tread in bleeding events.,dual therapy 75 clopidogrel aspirin worrisome tread bleeding events,C1554184|C0039798|C0450371|C0070166|C0004057|G0000000|G0000000|C0019080|C0441471
22 ||| Study design ||| 3.3 ||| All enrolled patients or family members signed written informed consent.,enrolled patients family signed written informed consent,G0000000|C0030705|C0015576|C1519316|C0043266|C1522154|C1511481
87 ||| Statistical analysis ||| 6.32 ||| No primary intracranial hemorrhage and gastrointestinal hemorrhage occurred in these 3 groups.,primary intracranial hemorrhage gastrointestinal hemorrhage occurred 3,C0205225|C0524466|C0019080|C0521362|C0019080|C1709305|G0000000
"4 |||  ||| 0.4 ||| We randomly assigned these patients to receive clopidogrel (75 or 50 mg) plus aspirin (100 mg) or aspirin (100 mg) once daily through 90 days, and followed them for 90 days.",randomly assigned patients receive clopidogrel 75 50 aspirin 100 aspirin 100 daily 90 days 90 days,G0000000|C1516050|C0030705|C1514756|C0070166|C0450371|C0450371|C0004057|C1442061|C0004057|C1442061|C0332173|C0450371|C0439228|C0450371|C0439228
"117 ||| Discussion ||| 7.30 ||| Wang et al [30] have suggested that the combination therapy of clopidogrel and aspirin for patients with ischemic stroke or TIA within 7 days of onset is more effective than aspirin alone to reduce microembolic signals, without severe bleeding.",wang al 30 suggested combination therapy clopidogrel aspirin patients ischemic stroke tia 7 days onset effective aspirin reduce microembolic signals severe bleeding,G0000000|C0202311|C0450371|C1705535|C0205195|C0039798|C0070166|C0004057|C0030705|C0475224|C0038454|C0007787|G0000000|C0439228|C0206132|C1280519|C0004057|G0000000|G0000000|C1710082|C0205082|C0019080
"125 ||| Discussion ||| 7.38 ||| The sample size was not large enough, which might weaken the statistical power.",sample size weaken statistical power,C0370003|C0456389|G0000000|C0038215|C0032863
"31 ||| Participants ||| 4.9 ||| Thus, a study to compare safety and efficacy of 50 mg with 75 mg clopidogrel is required.",study compare safety efficacy 50 75 clopidogrel required,C0557651|C1707455|C0036043|C1280519|C0450371|C0450371|C0070166|C1514873
55 ||| Results ||| 5.1 ||| Characteristics of the patients,characteristics patients,C1521970|C0030705
"50 ||| Participants ||| 4.28 ||| Stroke recurrence was determined as additional neurological deficit, and also corresponding positive lesions on diffusion-weighted imaging.",stroke recurrence determined additional neurological deficit positive lesions diffusion-weighted imaging,C0038454|C0034897|G0000000|C1524062|C0205494|C0162429|C0439178|C0221198|C0012222|C0011923
"92 ||| Discussion ||| 7.5 ||| Thus, a study to compare safety and efficacy of 50 mg with 75 mg clopidogrel is required.",study compare safety efficacy 50 75 clopidogrel required,C0557651|C1707455|C0036043|C1280519|C0450371|C0450371|C0070166|C1514873
"94 ||| Discussion ||| 7.7 ||| To our knowledge, there were limited studies comparing the efficacy and safety between 50 and 75 mg clopidogrel in Chinese patients with ICVD and intracranial and extracranial arteriostenosis.",knowledge limited studies comparing efficacy safety 50 75 clopidogrel chinese patients icvd intracranial extracranial arteriostenosis,C0376554|C0439801|C0947630|C1707455|C1280519|C0036043|C0450371|C0450371|C0070166|C0008120|C0030705|G0000000|C0524466|C0580586|G0000000
"113 ||| Discussion ||| 7.26 ||| The incidence for stroke recurrence after TIA is up to 20% in the first 90 days, and most events accrue in the first few days.",incidence stroke recurrence tia 20% 90 days events accrue days,C0021149|C0038454|C0034897|C0007787|C0450371|C0450371|C0439228|C0441471|G0000000|C0439228
"10 |||  ||| 0.10 ||| Conclusion: Accordingly, 50 mg clopidogrel plus aspirin, and 75 mg clopidogrel plus aspirin were all superior to aspirin alone as stroke prevention in patients with cerebral infarction or transient ischemic attack combined with intracranial and extracranial arteriostenosis.",conclusion 50 clopidogrel aspirin 75 clopidogrel aspirin superior aspirin stroke prevention patients cerebral infarction transient ischemic attack combined intracranial extracranial arteriostenosis,C1707478|C0450371|C0070166|C0004057|C0450371|C0070166|C0004057|C1282910|C0004057|C0038454|C0199176|C0030705|G0000000|C0021308|C0040704|C0475224|C0277793|C0205195|C0524466|C0580586|G0000000
"7 |||  ||| 0.7 ||| Ischemic stroke occurred in 6 patients (9.1%) treated with 50 mg clopidogrel and aspirin, 6 patients (9.1%) receiving 75 mg clopidogrel and aspirin, whereas 19 patients (27.9%) in the aspirin group (aspirin alone vs copidogrel 50 mg plus aspirin; 95% confidence intervals 1.704-23.779, P < 0.05; aspirin alone vs copidogrel 75 mg plus aspirin; 95% confidence intervals 1.190-13.240, P < 0.05).",ischemic stroke occurred 6 patients 9 1% treated 50 clopidogrel aspirin 6 patients 9 1% receiving 75 clopidogrel aspirin 19 patients 27 9% aspirin aspirin copidogrel 50 aspirin 95% confidence intervals 1 704-23 779 < 0 05 aspirin copidogrel 75 aspirin 95% confidence intervals 1 190-13 240 < 0 05,C0475224|C0038454|C1709305|G0000000|C0030705|G0000000|G0000000|C1522326|C0450371|C0070166|C0004057|G0000000|C0030705|G0000000|G0000000|C1514756|C0450371|C0070166|C0004057|C0450371|C0030705|C0450371|G0000000|C0004057|C0004057|G0000000|C0450371|C0004057|C0450371|C0237529|C1272706|G0000000|C1442061|C1442061|G0000000|G0000000|C0450371|C0004057|G0000000|C0450371|C0004057|C0450371|C0237529|C1272706|G0000000|C1442061|C1442061|G0000000|G0000000|C0450371
"42 ||| Participants ||| 4.20 ||| Moreover, all patients were treated with standard therapy as appropriate (eg, hypoglycemic or antihypertensive drugs) at the discretion of the investigator and clinician.",patients treated standard therapy hypoglycemic antihypertensive drugs discretion investigator clinician,C0030705|C1522326|C1442989|C0039798|C0020616|C0003364|C0013227|G0000000|C0035173|C0871685
44 ||| Participants ||| 4.22 ||| We required all patients to return at 90 days for a consultation with a trained trial nurse or physician.,required patients return 90 days consultation trained trial nurse physician,C1514873|C0030705|C0332156|C0450371|C0439228|C0009818|C0336809|C0008976|C0028661|C0031831
68 ||| Statistical analysis ||| 6.13 ||| There was no difference of baseline characteristics among these groups.,difference baseline characteristics,C1705241|C0168634|C1521970
"119 ||| Discussion ||| 7.32 ||| Accordingly, our findings and previous trials provide sufficient evidence to prefer the combination therapy of clopidogrel and aspirin over aspirin monotherapy as stroke prevention after ICVD.",findings previous trials provide sufficient evidence prefer combination therapy clopidogrel aspirin aspirin monotherapy stroke prevention icvd,C2607943|C0205156|C0008976|C1999230|C0205410|C3887511|G0000000|C0205195|C0039798|C0070166|C0004057|C0004057|G0000000|C0038454|C0199176|G0000000
"132 ||| Discussion ||| 7.45 ||| Moreover, the effect of secondary stroke prevention was similar between 50 mg clopidogrel plus aspirin group and 75 mg clopidogrel plus aspirin group.",secondary stroke prevention 50 clopidogrel aspirin 75 clopidogrel aspirin,C0027627|C0038454|C0199176|C0450371|C0070166|C0004057|C0450371|C0070166|C0004057
1 |||  ||| 0.1 ||| Background: There are limited data on the effect of dual antiplatelet treatment with clopidogrel plus aspirin in patients with ischemic cerebrovascular disease and intracranial and extracranial arteriostenosis.,background limited data dual antiplatelet treatment clopidogrel aspirin patients ischemic cerebrovascular disease intracranial extracranial arteriostenosis,C1706907|C0439801|C1511726|C1554184|G0000000|C0039798|C0070166|C0004057|C0030705|C0475224|C1880018|C0012634|C0524466|C0580586|G0000000
"99 ||| Discussion ||| 7.12 ||| The risk of bleeding was lower in the group of 50 mg clopidogrel and aspirin, compared with 75 mg clopidogrel and aspirin, but no statistical difference was recorded.",risk bleeding lower 50 clopidogrel aspirin compared 75 clopidogrel aspirin statistical difference recorded,C0035647|C0019080|C0441994|C0450371|C0070166|C0004057|C1707455|C0450371|C0070166|C0004057|C0038215|C1705241|C0034869
11 |||  ||| 0.11 ||| The effect of secondary stroke prevention was similar between 50 mg clopidogrel plus aspirin and 75 mg clopidogrel plus aspirin.,secondary stroke prevention 50 clopidogrel aspirin 75 clopidogrel aspirin,C0027627|C0038454|C0199176|C0450371|C0070166|C0004057|C0450371|C0070166|C0004057
57 ||| Statistical analysis ||| 6.2 ||| All data were shown as the mean Â± standard deviation (SD).,data standard deviation sd,C1511726|C1442989|C0012727|C2699239
100 ||| Discussion ||| 7.13 ||| These results imply that clopidogrel plus aspirin is superior to aspirin alone in the early treatment of ICVD with intracranial and extracranial arteriostenosis.,imply clopidogrel aspirin superior aspirin treatment icvd intracranial extracranial arteriostenosis,G0000000|C0070166|C0004057|C1282910|C0004057|C0039798|G0000000|C0524466|C0580586|G0000000
3 |||  ||| 0.3 ||| Methods: Patients with clinically evident acute cerebral infarction or transient ischemic attack combined with intracranial and extracranial arteriostenosis (greater than 50%) who were unsuitable or reluctance to perform stent implantation were enrolled in this study.,methods patients clinically evident acute cerebral infarction transient ischemic attack combined intracranial extracranial arteriostenosis 50% unsuitable reluctance perform stent implantation enrolled study,C0025663|C0030705|G0000000|C3887511|C0205178|G0000000|C0021308|C0040704|C0475224|C0277793|C0205195|C0524466|C0580586|G0000000|C0450371|G0000000|C2347948|C0884358|C0038257|C0021107|G0000000|C0557651
"64 ||| Statistical analysis ||| 6.9 ||| Of note, these 200 patients completed the treatment.",note 200 patients completed treatment,C1316572|C1442061|C0030705|C0205197|C0039798
103 ||| Discussion ||| 7.16 ||| The combination seemed to be well-tolerated and effective after intracranial stenting.,combination well-tolerated effective intracranial stenting,C0205195|C0205170|C1280519|C0524466|C0038257
"30 ||| Participants ||| 4.8 ||| Thus, low-dose (50 mg) clopidogrel may be acceptable for Chinese patients.",low-dose 50 clopidogrel acceptable chinese patients,C0445550|C0450371|C0070166|C1879533|C0008120|C0030705
"95 ||| Discussion ||| 7.8 ||| More significantly, we also compared the efficacy and evaluated the safety of combination of clopidogrel and aspirin over aspirin alone in reducing or preventing the recurrence of stroke in ICVD patients with intracranial and extracranial arteriostenosis.",compared efficacy evaluated safety combination clopidogrel aspirin aspirin reducing preventing recurrence stroke icvd patients intracranial extracranial arteriostenosis,C1707455|C1280519|C0220825|C0036043|C0205195|C0070166|C0004057|C0004057|C0392756|C0309872|C0034897|C0038454|G0000000|C0030705|C0524466|C0580586|G0000000
"82 ||| Statistical analysis ||| 6.27 ||| During the period of follow-up, the ischemic stroke occurred in 6 patients (9.1%) treated with 50 mg clopidogrel and aspirin, 6",period follow-up ischemic stroke occurred 6 patients 9 1% treated 50 clopidogrel aspirin 6,C0439531|C0589120|C0475224|C0038454|C1709305|G0000000|C0030705|G0000000|G0000000|C1522326|C0450371|C0070166|C0004057|G0000000
"6 |||  ||| 0.6 ||| Results: In all, 200 patients were recruited and followed for 90 days.",200 patients recruited 90 days,C1442061|C0030705|G0000000|C0450371|C0439228
67 ||| Statistical analysis ||| 6.12 ||| About one-half patients had a TIA.,one-half patients tia,C0205447|C0030705|C0007787
"24 ||| Participants ||| 4.2 ||| On the contrary, considerable differences exist between Chinese and Western population with respect to health conditions, genetic background, and medicine tradition.",contrary considerable differences exist chinese western population respect health conditions genetic background medicine tradition,G0000000|G0000000|C1705241|C2987476|C0008120|C1705493|C0032659|C0679133|C0018684|C0012634|C0017296|C1706907|C0013227|C0683624
"93 ||| Discussion ||| 7.6 ||| We consider that, even if efficacy and safety were similar between 50 and 75 mg clopidogrel, 50 mg clopidogrel would be useful because this drug is cost-effective.",efficacy safety 50 75 clopidogrel 50 clopidogrel drug cost-effective,C1280519|C0036043|C0450371|C0450371|C0070166|C0450371|C0070166|C0013227|C0010181
"19 ||| Introduction ||| 1.6 ||| Fortunately, clopidogrel versus aspirin in patients at risk of ischaemic events (CAPRIE) study has indicated that the effect of clopidogrel is superior to aspirin in the ischemic stroke patients, decreasing the relative risk for ischemic stroke by 8.7% versus aspirin (P = 0.043).",fortunately clopidogrel versus aspirin patients risk ischaemic events caprie study clopidogrel superior aspirin ischemic stroke patients decreasing relative risk ischemic stroke 8 7% versus aspirin = 0 043,G0000000|C0070166|G0000000|C0004057|C0030705|C0035647|C0475224|C0441471|G0000000|C0557651|C0070166|C1282910|C0004057|C0475224|C0038454|C0030705|C0442797|C0080103|C0035647|C0475224|C0038454|G0000000|G0000000|G0000000|C0004057|G0000000|G0000000|C1442061
"32 ||| Participants ||| 4.10 ||| To our knowledge, there were limited studies comparing the efficacy and safety between 50 and 75 mg clopidogrel in Chinese patients with ICVD, and intracranial and extracranial arteriostenosis.",knowledge limited studies comparing efficacy safety 50 75 clopidogrel chinese patients icvd intracranial extracranial arteriostenosis,C0376554|C0439801|C0947630|C1707455|C1280519|C0036043|C0450371|C0450371|C0070166|C0008120|C0030705|G0000000|C0524466|C0580586|G0000000
134 ||| Acknowledgment ||| 8.1 ||| We wish to express our warm thanks to Jinan EBM Technology Development Center.,express warm jinan ebm technology development center,G0000000|C0184348|G0000000|C0795974|C0039421|C0243107|C0205099
"126 ||| Discussion ||| 7.39 ||| Furthermore, patients were recruited in 1 clinical center.",patients recruited 1 clinical center,C0030705|G0000000|G0000000|C0205210|C0205099
"5 |||  ||| 0.5 ||| We examined the main endpoints including the recurrence of stroke, death from cardiovascular causes, and bleeding events.",examined main endpoints including recurrence stroke death cardiovascular bleeding events,C0332128|C0205225|C2349179|C0332257|C0034897|C0038454|C0011065|C0007226|C0019080|C0441471
14 ||| Introduction ||| 1.1 ||| Editor: Fadi Khasawneh.,editor fadi khasawneh,C1707883|G0000000|G0000000
"131 ||| Discussion ||| 7.44 ||| Taken together, our findings indicated that the use of 50 mg clopidogrel plus aspirin, and 75 mg clopidogrel plus aspirin was superior to aspirin alone in the aspect of reducing the incidence of ischemic stroke for patients with ICVD and intracranial and extracranial arteriostenosis.",findings 50 clopidogrel aspirin 75 clopidogrel aspirin superior aspirin aspect reducing incidence ischemic stroke patients icvd intracranial extracranial arteriostenosis,C2607943|C0450371|C0070166|C0004057|C0450371|C0070166|C0004057|C1282910|C0004057|C1547011|C0392756|C0021149|C0475224|C0038454|C0030705|G0000000|C0524466|C0580586|G0000000
"56 ||| Statistical analysis ||| 6.1 ||| All data were analyzed by means of SPSS 19.0 (SPSS Inc., Chicago, IL) and were tabulated using Microsoft software (Excel, Microsoft, Redmond, WA).",data analyzed spss 19 0 spss chicago il tabulated microsoft software excel microsoft redmond wa,C1511726|C0936012|C3813609|C0450371|G0000000|C3813609|C0008044|C0020898|G0000000|G0000000|C0037585|C2740529|G0000000|G0000000|C0027366
39 ||| Participants ||| 4.17 ||| Patients in the aspirin alone group received a loading dose of 100 mg/d aspirin on day 1 through 90 days.,patients aspirin received loading dose 100 mg/d aspirin day 1 90 days,C0030705|C0004057|C1514756|C1708715|C0178602|C1442061|C0439422|C0004057|C0332173|G0000000|C0450371|C0439228
"58 ||| Statistical analysis ||| 6.3 ||| Differences in baseline factors (sex, age, clinical characteristics, concomitant medications, risk factors) among groups were compared using the chi-square test.",differences baseline factors sex age clinical characteristics concomitant medications risk factors compared chi-square test,C1705241|C0168634|C1521761|C0009253|C0001779|C0205210|C1521970|C0521115|C0013227|C0035647|C1521761|C1707455|C1552646|C0022885
"78 ||| Statistical analysis ||| 6.23 ||| Nearly one-half patients took diuretics and angiotensin-converting-enzyme inhibitors, and a quarter took angiotensin II receptor blockers.",one-half patients diuretics angiotensin-converting-enzyme inhibitors quarter angiotensin ii receptor blockers,C0205447|C0030705|C0012798|C0022709|C0243077|C2825406|C0003018|G0000000|C0597357|G0000000
"127 ||| Discussion ||| 7.40 ||| Moreover, efficacy and safety of aspirin plus clopidogrel were obtained within a short follow-up period of 90 days.",efficacy safety aspirin clopidogrel short follow-up period 90 days,C1280519|C0036043|C0004057|C0070166|C1282927|C0589120|C0439531|C0450371|C0439228
"43 ||| Participants ||| 4.21 ||| The appropriate standard therapy was emphasized to the investigator or clinician, who was offered with international guidelines.",standard therapy emphasized investigator clinician offered international guidelines,C1442989|C0039798|G0000000|C0035173|C0871685|C1444648|C1512888|C0162791
"36 ||| Participants ||| 4.14 ||| Moreover, the potential bleedings were estimated after adding aspirin to clopidogrel.",potential bleedings estimated adding aspirin clopidogrel,C3245505|C0019080|C0750572|C1883712|C0004057|C0070166
71 ||| Statistical analysis ||| 6.16 ||| Clopidogrel 50 mg plus aspirin (n = 66) Clopidogrel 75 mg plus aspirin (n = 66) Aspirin (n = 68)  disease category.,clopidogrel 50 aspirin = 66 clopidogrel 75 aspirin = 66 aspirin = 68 disease category,C0070166|C0450371|C0004057|G0000000|C0450371|C0070166|C0450371|C0004057|G0000000|C0450371|C0004057|G0000000|C0450371|C0012634|C0683312
70 ||| Statistical analysis ||| 6.15 ||| Characteristic,characteristic,C1521970
73 ||| Statistical analysis ||| 6.18 ||| But there was also no significant difference in these risk features.,difference risk features,C1705241|C0035647|C1521970
"115 ||| Discussion ||| 7.28 ||| In addition to this, we should take into consideration the balance between the reduction of stroke recurrence and the increasing risk of bleeding when using more reinforced antiplatelet treatment.",addition consideration balance reduction stroke recurrence increasing risk bleeding reinforced antiplatelet treatment,C0332287|C0518609|C0014653|C0301630|C0038454|C0034897|C0442808|C0035647|C0019080|G0000000|G0000000|C0039798
98 ||| Discussion ||| 7.11 ||| The efficiency of reducing stroke was similar between 50 mg clopidogrel plus aspirin group and 75 mg clopidogrel plus aspirin group.,efficiency reducing stroke 50 clopidogrel aspirin 75 clopidogrel aspirin,C0013682|C0392756|C0038454|C0450371|C0070166|C0004057|C0450371|C0070166|C0004057
"110 ||| Discussion ||| 7.23 ||| Although a worrisome trend was noted that clopidogrel, especially 75 mg clopidogrel, was related with an increase rate of bleeding events in our study, no difference was recorded between any 2 groups in the groups of 50 mg clopidogrel plus aspirin, 75 mg clopidogrel plus aspirin, and aspirin alone.",worrisome trend clopidogrel 75 clopidogrel increase rate bleeding events study difference recorded 2 50 clopidogrel aspirin 75 clopidogrel aspirin aspirin,G0000000|C1521798|C0070166|C0450371|C0070166|C0442805|C0871208|C0019080|C0441471|C0557651|C1705241|C0034869|G0000000|C0450371|C0070166|C0004057|C0450371|C0070166|C0004057|C0004057
"116 ||| Discussion ||| 7.29 ||| In our analysis, there was 1 case with subcutaneous hemorrhage in Thus, it is warranted to take emergency measures to prevent the occurrence of stroke.",analysis 1 subcutaneous hemorrhage warranted emergency measures prevent occurrence stroke,C0002778|G0000000|C0443315|C0019080|G0000000|C0013956|C0079809|C0309872|C0243132|C0038454
"45 ||| Participants ||| 4.23 ||| If it was not feasible, the follow-up evaluations were acquired by telephone contact with the patient or the family doctor or caregiver.",feasible follow-up evaluations acquired telephone contact patient family doctor caregiver,G0000000|C0589120|C0220825|C0439661|C0039457|C0332158|C0030705|C0015576|C0031831|C0085537
"122 ||| Discussion ||| 7.35 ||| Collectively, ADP is 1 important mediator of hemostasis and thrombosis.",collectively adp 1 mediator hemostasis thrombosis,G0000000|C0523452|G0000000|C1363844|C0019116|C0040053
"20 ||| Study design ||| 3.1 ||| This research was a prospective, randomized, single-center study of efficacy of clopidogrel plus aspirin as compared with aspirin alone in patients with clinically evident ICVD combined with intracranial and extracranial arteriostenosis.",prospective randomized single-center study efficacy clopidogrel aspirin compared aspirin patients clinically evident icvd combined intracranial extracranial arteriostenosis,C0023981|C0034656|C0037179|C0557651|C1280519|C0070166|C0004057|C1707455|C0004057|C0030705|G0000000|C3887511|G0000000|C0205195|C0524466|C0580586|G0000000
"52 ||| Participants ||| 4.30 ||| Several hemorrhagic events were monitored in consideration of safety concerns based on the Global Utilization of Streptokinase and Tissue Plasminogen Activator for Occluded Coronary Arteries (GUSTO) definition, which includes intracranial hemorrhage and gastrointestinal bleeding.",hemorrhagic events monitored consideration safety concerns based global utilization streptokinase tissue plasminogen activator occluded coronary arteries gusto definition includes intracranial hemorrhage gastrointestinal bleeding,C0333275|C0441471|C0030695|C0518609|C0036043|C2699424|C1527178|C0205246|C0042153|C0038418|C0040300|C0032140|G0000000|C0028778|C0018787|C0003842|G0000000|C1550452|C0332257|C0524466|C0019080|C0521362|C0019080
"85 ||| Statistical analysis ||| 6.30 ||| Moreover, there was no statistical significance in the increased incidence of hemorrhage between dual antiplatelet treatment group and aspirin group (P > 0.05).",statistical significance increased incidence hemorrhage dual antiplatelet treatment aspirin 0 05,C0038215|C0237881|C0205217|C0021149|C0019080|C1554184|G0000000|C0039798|C0004057|G0000000|C0450371
"91 ||| Discussion ||| 7.4 ||| Thus, low-dose (50 mg) clopidogrel may be acceptable for Chinese patients.",low-dose 50 clopidogrel acceptable chinese patients,C0445550|C0450371|C0070166|C1879533|C0008120|C0030705
"46 ||| Participants ||| 4.24 ||| At these contacts, the occurrence of possible outcome events, changes in trial medication, and adverse events was recorded.",contacts occurrence outcome events trial medication adverse events recorded,C4036459|C0243132|C1274040|C0441471|C0008976|C0013227|G0000000|C0441471|C0034869
65 ||| Statistical analysis ||| 6.10 ||| The patients' baseline characteristics in the study are shown in Table 1.,patients baseline characteristics study table 1,C0030705|C0168634|C1521970|C0557651|C0039224|G0000000
"62 ||| Statistical analysis ||| 6.7 ||| Thus, a total of 200 eligible subjects were included in our study.",total 200 eligible subjects included study,C0439175|C1442061|C1548635|C0681850|C0332257|C0557651
"101 ||| Discussion ||| 7.14 ||| As reported, aspirin is the first option of antithrombotic drug for the prevention of noncardioembolic stroke and TIA, but there is a relatively limited efficacy on recurrent events with a relative risk reduction of 13% to 22%.",reported aspirin option antithrombotic drug prevention noncardioembolic stroke tia limited efficacy recurrent events relative risk reduction 13% 22%,C0684224|C0004057|C1518601|G0000000|C0013227|C0199176|G0000000|C0038454|C0007787|C0439801|C1280519|C2945760|C0441471|C0080103|C0035647|C0301630|C0450371|C0450371
"27 ||| Participants ||| 4.5 ||| Patients were eligible when they met the following inclusive criteria: patients with age ranging from 45 to 80 years; diagnosis of an acute cerebral infarction (CI) or TIA; greater than 50% stenosis of internal carotid artery (ICA), middle cerebral artery (MCA), vertebral artery (VA), basilar artery (BA), and posterior cerebral artery (PCA) alone or in combination; unsuitable or reluctance to perform stent implantation.",patients eligible met inclusive criteria patients age ranging 45 80 diagnosis acute cerebral infarction ci tia 50% stenosis internal carotid artery ica middle cerebral artery mca vertebral artery va basilar artery ba posterior cerebral artery pca combination unsuitable reluctance perform stent implantation,C0030705|C1548635|C0268621|C0332257|C0243161|C0030705|C0001779|C1514721|C0450371|C0450371|C0011900|C0205178|G0000000|C0021308|C0008107|C0007787|C0450371|C0678234|C0205102|C0741968|C0003842|C0201519|C0444598|G0000000|C0003842|C0149566|C0549207|C0003842|C1549054|C1184146|C0003842|C0004684|C0205095|G0000000|C0003842|G0000000|C0205195|G0000000|C2347948|C0884358|C0038257|C0021107
"105 ||| Discussion ||| 7.18 ||| However, there was no statistical significance in hemorrhage in the group of 50 mg clopidogrel plus aspirin, and the group of 75 mg clopidogrel plus aspirin.",statistical significance hemorrhage 50 clopidogrel aspirin 75 clopidogrel aspirin,C0038215|C0237881|C0019080|C0450371|C0070166|C0004057|C0450371|C0070166|C0004057
96 ||| Discussion ||| 7.9 ||| The results showed that early dual therapy with clopidogrel plus aspirin was more effective than aspirin alone in decreasing the presence of acute ischemic stroke.,dual therapy clopidogrel aspirin effective aspirin decreasing presence acute ischemic stroke,C1554184|C0039798|C0070166|C0004057|C1280519|C0004057|C0442797|C0150312|C0205178|C0475224|C0038454
114 ||| Discussion ||| 7.27 ||| The incidence of the efficacy endpoints was about 5.1% per month.,incidence efficacy endpoints 5 1% month,C0021149|C1280519|C2349179|G0000000|G0000000|C0332177
2 |||  ||| 0.2 ||| The aim of our study was to evaluate the efficacy and safety of aspirin plus clopidogrel in the treatment of ischemic cerebrovascular disease with intracranial and extracranial arteriostenosis.,aim study evaluate efficacy safety aspirin clopidogrel treatment ischemic cerebrovascular disease intracranial extracranial arteriostenosis,C1947946|C0557651|C0220825|C1280519|C0036043|C0004057|C0070166|C0039798|C0475224|C1880018|C0012634|C0524466|C0580586|G0000000
40 ||| Participants ||| 4.18 ||| Patients in clopidogrel (50 mg) plus aspirin (100 mg) group received clopidogrel at a dose of 50 mg/d and aspirin in a dose of 100 mg daily on day 1 through 90 days.,patients clopidogrel 50 aspirin 100 received clopidogrel dose 50 mg/d aspirin dose 100 daily day 1 90 days,C0030705|C0070166|C0450371|C0004057|C1442061|C1514756|C0070166|C0178602|C0450371|C0439422|C0004057|C0178602|C1442061|C0332173|C0332173|G0000000|C0450371|C0439228
54 ||| Participants ||| 4.32 ||| A P value less than 0.05 was regarded significant difference.,0 05 regarded difference,G0000000|C0450371|G0000000|C1705241
"128 ||| Discussion ||| 7.41 ||| Because of these limitations, randomized trials in larger multicenters with larger sample size and longer time observation are warrant to identify the effectiveness and safety of combination of different drugs for second prevention of stroke in patients with TIA or stroke combine with intracranial and extracranial arteriostenosis.",limitations randomized trials larger multicenters larger sample size time observation warrant identify effectiveness safety combination drugs prevention stroke patients tia stroke combine intracranial extracranial arteriostenosis,C0449295|C0034656|C0008976|C0549177|G0000000|C0549177|C0370003|C0456389|C0040223|C0302523|G0000000|G0000000|C1280519|C0036043|C0205195|C0013227|C0199176|C0038454|C0030705|C0007787|C0038454|C0336789|C0524466|C0580586|G0000000
18 ||| Introduction ||| 1.5 ||| Antiplatelet therapy has been exhibited to exert important roles in the secondary prevention of stroke.,antiplatelet therapy exhibited exert roles secondary prevention stroke,G0000000|C0039798|C0015272|C0015264|C0035820|C0027627|C0199176|C0038454
15 ||| Introduction ||| 1.2 ||| Ischemic cerebrovascular disease (ICVD) is the main cause of disability and death among all adults.,ischemic cerebrovascular disease icvd main disability death adults,C0475224|C1880018|C0012634|G0000000|C0205225|C0231170|C0011065|C0001675
"60 ||| Statistical analysis ||| 6.5 ||| Statistical analysis of safety data Between January 2013 and March 2014, a total of 216 patients with ICVD (CI or TIA, within 7 days of onset) plus intracranial and extracranial arteriostenosis were eligible and enrolled in our study.",statistical analysis safety data january 2013 march 2014 total 216 patients icvd ci tia 7 days onset intracranial extracranial arteriostenosis eligible enrolled study,C0038215|C0002778|C0036043|C1511726|C3829466|G0000000|C3829202|G0000000|C0439175|C1442061|C0030705|G0000000|C0008107|C0007787|G0000000|C0439228|C0206132|C0524466|C0580586|G0000000|C1548635|G0000000|C0557651
"69 ||| Statistical analysis ||| 6.14 ||| There were no significant differences in age, sex, and Table 1 Baseline characteristics.",differences age sex table 1 baseline characteristics,C1705241|C0001779|C0009253|C0039224|G0000000|C0168634|C1521970
"124 ||| Discussion ||| 7.37 ||| Although we obtained some significant evidences to confirm our hypothesis, there remained several drawbacks in the present analysis.",evidences confirm hypothesis remained drawbacks analysis,C3887511|C0521093|C1512571|G0000000|G0000000|C0002778
"88 ||| Discussion ||| 7.1 ||| In Europe and United States, a 75 mg maintenance dose of clopidogrel is utilized.",europe united 75 maintenance dose clopidogrel utilized,C0015176|C0166872|C0450371|C0024501|C0178602|C0070166|G0000000
"61 ||| Statistical analysis ||| 6.6 ||| However, 16 of these patients were gradually excluded from the trial as they refused to provide the written informed consent, or had side effects or met at least 1 exclusion standard (Fig.",16 patients gradually excluded trial refused provide written informed consent effects met 1 exclusion standard fig,C0450371|C0030705|G0000000|C1554077|C0008976|C1548564|C1999230|C0043266|C1522154|C1511481|C1280500|C0268621|G0000000|C0680251|C1442989|C0349966
"97 ||| Discussion ||| 7.10 ||| However, the dual therapy of clopidogrel plus aspirin resulted in a worrisome tread of increased bleeding events, compared with aspirin alone, but there was no difference.",dual therapy clopidogrel aspirin worrisome tread increased bleeding events compared aspirin difference,C1554184|C0039798|C0070166|C0004057|G0000000|G0000000|C0205217|C0019080|C0441471|C1707455|C0004057|C1705241
"79 ||| Statistical analysis ||| 6.24 ||| Both dual antiplatelet therapeutic approaches (copidogrel 50 mg plus aspirin, and copidogrel 75 mg plus aspirin) showed an obvious decrease in the recurrence of ischemic stroke (P < 0.05), comparing with that of the patients treated by aspirin alone.",dual antiplatelet therapeutic approaches copidogrel 50 aspirin copidogrel 75 aspirin obvious decrease recurrence ischemic stroke < 0 05 comparing patients treated aspirin,C1554184|G0000000|C0087111|C0449445|G0000000|C0450371|C0004057|G0000000|C0450371|C0004057|G0000000|C0392756|C0034897|C0475224|C0038454|G0000000|G0000000|C0450371|C1707455|C0030705|C1522326|C0004057
80 ||| Statistical analysis ||| 6.25 ||| Safety endpoints,safety endpoints,C0036043|C2349179
"77 ||| Statistical analysis ||| 6.22 ||| Almost all of the patients took statin, and more than half used beta-blocker.",patients statin half beta-blocker,C0030705|C0360714|C2825407|C0001645
"89 ||| Discussion ||| 7.2 ||| However, 75 mg clopidogrel can lead to higher platelet inhibition, which is a trade-off for higher bleeding complications.",75 clopidogrel lead platelet inhibition trade-off bleeding complications,C0450371|C0070166|C0023175|C0005821|C0021467|C1518543|C0019080|C0009566
"123 ||| Discussion ||| 7.36 ||| Importantly, the metabolites of clopidogrel play crucial roles of reducing the risk of recurrent ischemic events by acting on the platelet P2Y12 receptor and suppressing the activation of ADP.",importantly metabolites clopidogrel play crucial roles reducing risk recurrent ischemic events acting platelet p2y12 receptor suppressing activation adp,G0000000|C0870883|C0070166|C0032214|G0000000|C0035820|C0392756|C0035647|C2945760|C0475224|C0441471|G0000000|C0005821|G0000000|C0597357|C1260953|C1879547|C0523452
"106 ||| Discussion ||| 7.19 ||| Moreover, no significant difference was observed in the risk of life-threatening bleedings in these 3 groups.",difference observed risk life-threatening bleedings 3,C1705241|C1441672|C0035647|C1517874|C0019080|G0000000
"111 ||| Discussion ||| 7.24 ||| Thus, the protocol of our study was feasible for secondary stroke prevention, but the sample size was small.",protocol study feasible secondary stroke prevention sample size,C0442711|C0557651|G0000000|C0027627|C0038454|C0199176|C0370003|C0456389
49 ||| Participants ||| 4.27 ||| Medicine (2017) 96:1 www.md-journal.com (including hemorrhage) in the first 90 days after CI or TIA.,medicine 2017 96 1 md-journal including hemorrhage 90 days ci tia,C0013227|G0000000|C0450371|G0000000|C0162443|C0332257|C0019080|C0450371|C0439228|C0008107|C0007787
"38 ||| Participants ||| 4.16 ||| Patients meeting the inclusion criteria were randomly assigned (1:1:1) to receive aspirin alone (100 mg), or clopidogrel (50 mg) plus aspirin (100 mg), or clopidogrel (75 mg) plus aspirin (100 mg).",patients meeting inclusion criteria randomly assigned 1 1 1 receive aspirin 100 clopidogrel 50 aspirin 100 clopidogrel 75 aspirin 100,C0030705|C0556656|C0007637|C0243161|G0000000|C1516050|G0000000|G0000000|G0000000|C1514756|C0004057|C1442061|C0070166|C0450371|C0004057|C1442061|C0070166|C0450371|C0004057|C1442061
"26 ||| Participants ||| 4.4 ||| Moreover, the combination of aspirin and clopidogrel has not yet proven effective and safe in the secondary prevention of stroke and TIA.",combination aspirin clopidogrel proven effective safe secondary prevention stroke tia,C0205195|C0004057|C0070166|C0456369|C1280519|G0000000|C0027627|C0199176|C0038454|C0007787
"118 ||| Discussion ||| 7.31 ||| The fast assessment of stroke and transientischaemic attack to prevent early recurrence (FASTER) pilot study also has suggested that the incidence of CI is 7.1% after treatment of clopidogrel plus aspirin once daily to 90 days, but 10.8% after treatment of aspirin alone once daily to 90 days, which exhibits a 3.7% risk benefit favoring clopidogrel and aspirin over aspirin alone.",fast assessment stroke transientischaemic attack prevent recurrence faster pilot study suggested incidence ci 7 1% treatment clopidogrel aspirin daily 90 days 10 8% treatment aspirin daily 90 days exhibits 3 7% risk benefit favoring clopidogrel aspirin aspirin,C0015663|C1261322|C0038454|G0000000|C0277793|C0309872|C0034897|C0015663|C0473169|C0557651|C1705535|C0021149|C0008107|G0000000|G0000000|C0039798|C0070166|C0004057|C0332173|C0450371|C0439228|C0450371|G0000000|C0039798|C0004057|C0332173|C0450371|C0439228|C0015272|G0000000|G0000000|C0035647|C0814225|C0309049|C0070166|C0004057|C0004057
